"category","subcategory","ID","Description","GeneRatio","BgRatio","RichFactor","FoldEnrichment","zScore","pvalue","p.adjust","qvalue","geneID","Count"
"Cellular Processes","Transport and catabolism","mmu04142","Lysosome biogenesis","43/685","253/11153",0.1699604743083,2.76725426271602,7.27337297639763,8.42276580364517e-10,2.77108994939926e-07,1.88847275386992e-07,"Ap1g1/Ap2b1/Ap3s1/Ap5s1/Arl8a/Atp6v0a1/Atp6v0a2/Atp6v0b/Atp6v0d1/Atp6v0e/Atp6v1c2/Atp6v1g1/Atp6v1g3/Bloc1s1/Clcn7/Cln3/Cln5/Ctsf/Ctso/Dnase2a/Gga1/Gnptg/Hyal3/Lamp1/Lamtor3/Lamtor5/Lgmn/Mlst8/Naga/Npc1/Npc2/Ostm1/Plekhm1/Ppt1/Rab7/Smpd1/Snapin/Stx17/Tlr3/Tpp1/Vamp8/Vps16/Vps35",43
"Cellular Processes","Transport and catabolism","mmu04140","Autophagy - animal","32/685","167/11153",0.191616766467066,3.11985663709078,7.06048831431524,6.46511062218323e-09,1.06351069734914e-06,7.24772927644751e-07,"Akt1/Atg13/Atg4b/Atg7/Bad/Bcl2l1/Birc6/Gabarapl2/Hmgb1/Itpr1/Lamp1/Map1lc3b/Map2k1/Mapk1/Mlst8/Mtmr3/Pik3cb/Plekhm1/Ppp2ca/Prkaca/Rab7/Sqstm1/Stx17/Tank/Ubb/Ubc/Ulk1/Vamp8/Vps16/Wdfy3/Wdr45/Wipi1",32
"Environmental Information Processing","Signal transduction","mmu04010","MAPK signaling pathway","42/685","299/11153",0.140468227424749,2.28706881820179,5.77075004286878,3.71220304143327e-07,4.07104933543849e-05,2.77438332570276e-05,"Akt1/Cacna1a/Cdc25b/Csf1r/Dusp1/Dusp7/Dusp8/Ecsit/Erbb2/Fgfr2/Fos/Gadd45a/Gng12/Hspa8/Il1r1/Irak4/Jun/Jund/Lamtor3/Map2k1/Map3k11/Map3k8/Map4k2/Mapk1/Mapk13/Mapk8ip3/Mapkapk2/Max/Mknk2/Nfatc1/Nlk/Nr4a1/Ppm1b/Prkaca/Rac3/Rasa1/Sos2/Stmn1/Tab2/Tgfbr2/Vegfa/Vegfb",42
"Human Diseases","Infectious disease: bacterial","mmu05135","Yersinia infection","25/685","136/11153",0.183823529411765,2.9929690854444,5.98174851804945,6.69570337233889e-07,5.50721602374874e-05,3.75311794291627e-05,"Akt1/Arhgef1/Arhgef28/Arpc1b/Arpc4/Baiap2/Fn1/Fos/Irak4/Jun/Map2k1/Mapk1/Mapk13/Nfatc1/Nfkbia/Pik3cb/Pip5k1b/Pip5k1c/Pxn/Pycard/Rac3/Rhog/Rock1/Tab2/Vav2",25
"Human Diseases","Cancer: specific types","mmu05212","Pancreatic cancer","17/685","76/11153",0.223684210526316,3.64197080291971,5.91171571327567,2.58812238215254e-06,0.000145112807917897,9.88930669861208e-05,"Akt1/Bad/Bax/Bcl2l1/Casp9/Erbb2/Gadd45a/Map2k1/Mapk1/Pik3cb/Polk/Rac3/Rala/Ralbp1/Stat3/Tgfbr2/Vegfa",17
"Cellular Processes","Transport and catabolism","mmu04137","Mitophagy - animal","20/685","101/11153",0.198019801980198,3.22410927224109,5.74362634107389,2.64643418695253e-06,0.000145112807917897,9.88930669861208e-05,"Arih1/Bcl2l1/Cited2/Fkbp8/Gabarapl2/Jun/Map1lc3b/Mtx3/Pink1/Rab5b/Rab5c/Rab7/Rhot1/Siah1b/Sqstm1/Tbc1d15/Ubb/Ubc/Ulk1/Usp30",20
"Human Diseases","Infectious disease: bacterial","mmu05132","Salmonella infection","35/685","251/11153",0.139442231075697,2.27036380027336,5.20716921325885,4.15632913998363e-06,0.00019534746957923,0.000133127534859626,"Akt1/Arf1/Arl8a/Arpc1b/Arpc4/Bax/Cyfip2/Cyth3/Dctn1/Dnm2/Fadd/Fhod1/Fos/Irak4/Jun/Klc3/Map2k1/Mapk1/Mapk13/Myl12a/Nckap1/Nfkbia/Pik3c2a/Pik3cb/Plekhm1/Pycard/Rab5b/Rab5c/Rab7/Rala/Rhog/Ripk2/Tab2/Tcf7l2/Vps16",35
"Environmental Information Processing","Signal transduction","mmu04150","mTOR signaling pathway","25/685","158/11153",0.158227848101266,2.57622655455973,5.10433742015927,1.11086313514965e-05,0.000456842464330295,0.00031133401024589,"Akt1/Atp6v1c2/Atp6v1g1/Atp6v1g3/Depdc5/Dvl2/Eif4e/Flcn/Fnip1/Fnip2/Fzd5/Fzd8/Lamtor3/Lamtor5/Lpin2/Lrp5/Map2k1/Mapk1/Mlst8/Pik3cb/Rictor/Sgk1/Slc3a2/Sos2/Ulk1",25
"Cellular Processes","Transport and catabolism","mmu04144","Endocytosis","35/685","268/11153",0.130597014925373,2.12634818607691,4.7743653925391,1.79105447767894e-05,0.00065472991461819,0.000446192519000718,"Ap2b1/Arf1/Arpc1b/Arpc4/Cbl/Cblb/Cblc/Chmp1a/Chmp2a/Chmp2b/Chmp7/Cyth3/Dnm2/Eea1/Fgfr2/Git1/Hspa8/Iqsec1/Ldlr/Mvb12a/Pip5k1b/Pip5k1c/Psd/Rab10/Rab35/Rab5b/Rab5c/Rab7/Smap1/Snx2/Snx5/Spg21/Tgfbr2/Vps28/Vps35",35
"Human Diseases","Cancer: specific types","mmu05210","Colorectal cancer","17/685","88/11153",0.193181818181818,3.14533842070338,5.1683420303198,2.07578540326698e-05,0.000682933397674838,0.000465412937785124,"Akt1/Bad/Bax/Bbc3/Casp9/Fos/Gadd45a/Jun/Map2k1/Mapk1/Pik3cb/Polk/Rac3/Rala/Sos2/Tcf7l2/Tgfbr2",17
"Cellular Processes","Cell growth and death","mmu04210","Apoptosis","22/685","136/11153",0.161764705882353,2.63381279519107,4.90376761876624,2.60419531341529e-05,0.000778891143739665,0.00053080727440905,"Akt1/Bad/Bax/Bbc3/Bcl2a1b/Bcl2l1/Capn1/Casp9/Csf2rb/Ctsf/Ctso/Fadd/Fos/Gadd45a/Itpr1/Jun/Map2k1/Mapk1/Nfkbia/Parp4/Pik3cb/Ptpn13",22
"Human Diseases","Infectious disease: viral","mmu05167","Kaposi sarcoma-associated herpesvirus infection","30/685","222/11153",0.135135135135135,2.20023673308345,4.62065202229373,3.69232286174519e-05,0.00101231185126181,0.000689881376799759,"Akt1/Bax/Casp9/Csf2/Ep300/Fadd/Fos/Gnb1/Gng12/Gng5/Icam1/Ifngr1/Irf7/Itpr1/Jun/Map1lc3b/Map2k1/Mapk1/Mapk13/Mapkapk2/Nfatc1/Nfkbia/Pik3cb/Rcan1/Stat3/Tcf7l2/Tlr3/Ubb/Ubc/Vegfa",30
"Human Diseases","Cancer: specific types","mmu05221","Acute myeloid leukemia","14/685","70/11153",0.2,3.2563503649635,4.84414015565106,7.39962896779429e-05,0.00181534557280798,0.00123714159976995,"Akt1/Bad/Bcl2a1b/Cebpa/Csf1r/Csf2/Jup/Map2k1/Mapk1/Pik3cb/Pim1/Sos2/Stat3/Tcf7l2",14
"Genetic Information Processing","Folding, sorting and degradation","mmu04120","Ubiquitin mediated proteolysis","23/685","156/11153",0.147435897435897,2.40051469212053,4.50611908638336,7.72487477790629e-05,0.00181534557280798,0.00123714159976995,"Birc6/Cbl/Cblb/Cblc/Cul3/Ercc8/Fbxw7/Fbxw8/Mgrn1/Pias3/Rnf7/Siah1b/Socs3/Ubb/Ubc/Ube2d2a/Ube2f/Ube2g1/Ube2j1/Ube2j2/Ube2o/Ube2r2/Ube4b",23
"Cellular Processes","Cellular community - eukaryotes","mmu04510","Focal adhesion","27/685","202/11153",0.133663366336634,2.17627375876274,4.31565791842915,0.000107964025310421,0.0023680109551419,0.00161377806253471,"Actn1/Akt1/Bad/Col6a1/Emp2/Erbb2/Fn1/Itga6/Jun/Lamb1/Lamb2/Map2k1/Mapk1/Myl12a/Pak4/Pik3cb/Pip5k1b/Pip5k1c/Pxn/Rac3/Rock1/Shc1/Sos2/Thbs1/Vav2/Vegfa/Vegfb",27
"Cellular Processes","Cellular community - eukaryotes","mmu04520","Adherens junction","16/685","92/11153",0.173913043478261,2.83160901301174,4.51252165035002,0.000135082840259572,0.00264288474297901,0.00180110206448417,"Actn1/Arhgap29/Baiap2/Ccm2/Ep300/Erbb2/Mapk1/Myl12a/Nlk/Pdcd10/Ptpn1/Rac3/Rock1/Tcf7l2/Tgfbr2/Yes1",16
"Human Diseases","Cardiovascular disease","mmu05417","Lipid and atherosclerosis","28/685","217/11153",0.129032258064516,2.10087120320226,4.18915989155286,0.000149945532918091,0.00264288474297901,0.00180110206448417,"Akt1/Arhgef1/Bad/Bax/Bcl2l1/Casp9/Fos/Hspa8/Icam1/Irak4/Irf7/Itpr1/Jun/Lbp/Ldlr/Mapk1/Mapk13/Nfatc1/Nfkbia/Pik3cb/Pycard/Rxrb/Sod2/Stat3/Tab2/Tank/Vav2/Vldlr",28
"Organismal Systems","Excretory system","mmu04966","Collecting duct acid secretion","8/685","27/11153",0.296296296296296,4.82422276290889,5.08915110114333,0.000151654914843946,0.00264288474297901,0.00180110206448417,"Atp6v0a1/Atp6v0a2/Atp6v0d1/Atp6v0e/Atp6v1c2/Atp6v1g1/Atp6v1g3/Slc4a1",8
"Organismal Systems","Development and regeneration","mmu04380","Osteoclast differentiation","20/685","132/11153",0.151515151515152,2.46693209466932,4.33686880088619,0.000152628602178119,0.00264288474297901,0.00180110206448417,"Akt1/Csf1r/Fos/Fosb/Fosl2/Ifngr1/Il1r1/Itpr1/Jun/Jund/Map2k1/Mapk1/Mapk13/Nfatc1/Nfkbia/Pik3cb/Socs3/Sqstm1/Tab2/Tgfbr2",20
"Human Diseases","Infectious disease: viral","mmu05161","Hepatitis B","23/685","164/11153",0.140243902439024,2.28341641445612,4.23545659981109,0.000167264064193299,0.00267531206866049,0.00182320099383997,"Akt1/Bad/Bax/Casp9/Ep300/Fadd/Fos/Hspg2/Irak4/Irf7/Jun/Map2k1/Mapk1/Mapk13/Nfatc1/Nfkbia/Pik3cb/Sos2/Stat3/Tab2/Tgfbr2/Tlr3/Ywhaz",23
"Human Diseases","Cancer: specific types","mmu05213","Endometrial cancer","12/685","58/11153",0.206896551724138,3.36863830858293,4.6263544312102,0.000170764600127265,0.00267531206866049,0.00182320099383997,"Akt1/Bad/Bax/Casp9/Erbb2/Gadd45a/Map2k1/Mapk1/Pik3cb/Polk/Sos2/Tcf7l2",12
"Human Diseases","Cancer: specific types","mmu05220","Chronic myeloid leukemia","14/685","76/11153",0.184210526315789,2.9992700729927,4.4735983806222,0.000186914479840802,0.00279522108489199,0.00190491790459764,"Akt1/Bad/Bax/Bcl2l1/Cbl/Gadd45a/Map2k1/Mapk1/Nfkbia/Pik3cb/Polk/Shc1/Sos2/Tgfbr2",14
"Organismal Systems","Nervous system","mmu04721","Synaptic vesicle cycle","14/685","77/11153",0.181818181818182,2.96031851360319,4.41540291146801,0.000215805516124389,0.00308695716543148,0.00210373340661304,"Ap2b1/Atp6v0a1/Atp6v0a2/Atp6v0b/Atp6v0d1/Atp6v0e/Atp6v1c2/Atp6v1g1/Atp6v1g3/Cacna1a/Dnm2/Slc1a3/Slc6a9/Vamp2",14
"Human Diseases","Neurodegenerative disease","mmu05022","Pathways of neurodegeneration - multiple diseases","49/685","481/11153",0.101871101871102,1.65863999878598,3.77735272487558,0.000307968541047078,0.00417469613575045,0.00284501768329818,"Adrm1/Atg13/Atxn1/Atxn1l/Atxn2/Atxn2l/Bad/Bax/Bcl2l1/Capn1/Casp9/Cat/Chmp2b/Csnk1e/Dctn1/Dvl2/Fadd/Fzd5/Fzd8/Gpx1/Itpr1/Klc3/Lrp5/Lrrk2/Map1lc3b/Map2k1/Mapk1/Mapk13/Ndufa4/Ndufb11/Ndufb2/Pink1/Psmb3/Psmc3/Psmd1/Slc25a5/Snca/Sqstm1/Tank/Ubb/Ubc/Ube2g1/Ube2j1/Ube2j2/Ulk1/Uqcr10/Uqcrb/Uqcrq/Wipi1",49
"Human Diseases","Drug resistance: antineoplastic","mmu01521","EGFR tyrosine kinase inhibitor resistance","14/685","80/11153",0.175,2.84930656934307,4.24630382684327,0.000326660897322018,0.00417469613575045,0.00284501768329818,"Akt1/Bad/Bax/Bcl2l1/Eif4e/Erbb2/Fgfr2/Map2k1/Mapk1/Pik3cb/Shc1/Sos2/Stat3/Vegfa",14
"Human Diseases","Infectious disease: parasitic","mmu05145","Toxoplasmosis","17/685","109/11153",0.155963302752294,2.53935578919172,4.1312251876925,0.000329915196138334,0.00417469613575045,0.00284501768329818,"Akt1/Bad/Bcl2l1/Casp9/Gnai2/Hspa8/Ifngr1/Irak4/Itga6/Lamb1/Lamb2/Ldlr/Mapk1/Mapk13/Nfkbia/Stat3/Tab2",17
"Human Diseases","Neurodegenerative disease","mmu05017","Spinocerebellar ataxia","20/685","141/11153",0.141843971631206,2.30946834394575,4.00277582376008,0.00037562085607618,0.00445013462362718,0.00303272652322057,"Adrm1/Afg3l1/Akt1/Atg13/Atxn1/Atxn1l/Atxn2/Atxn2l/Cacna1a/Cic/Itpr1/Kcnc3/Pik3cb/Psmb3/Psmc3/Psmd1/Slc25a5/Ulk1/Vldlr/Wipi1",20
"Human Diseases","Cancer: specific types","mmu05223","Non-small cell lung cancer","13/685","72/11153",0.180555555555556,2.93976074614761,4.22391087954132,0.000386065674163395,0.00445013462362718,0.00303272652322057,"Akt1/Bad/Bax/Casp9/Erbb2/Gadd45a/Map2k1/Mapk1/Pik3cb/Polk/Rxrb/Sos2/Stat3",13
"Environmental Information Processing","Signal transduction","mmu04071","Sphingolipid signaling pathway","19/685","131/11153",0.145038167938931,2.36147545550788,4.0096371206374,0.000392261106641909,0.00445013462362718,0.00303272652322057,"Adora3/Akt1/Bax/Cers5/Cers6/Degs1/Gnai2/Map2k1/Mapk1/Mapk13/Pik3cb/Ppp2ca/Ppp2r3c/Rac3/Rock1/S1pr2/Sgpp2/Smpd1/Sptlc2",19
"Human Diseases","Drug resistance: antineoplastic","mmu01522","Endocrine resistance","15/685","93/11153",0.161290322580645,2.62608900400283,4.0280794958822,0.000504924114897603,0.00553733446004371,0.00377364338502419,"Akt1/Bad/Bax/Erbb2/Fos/Jag2/Jun/Map2k1/Mapk1/Mapk13/Notch2/Pik3cb/Prkaca/Shc1/Sos2",15
"Organismal Systems","Immune system","mmu04620","Toll-like receptor signaling pathway","16/685","104/11153",0.153846153846154,2.50488489612577,3.94410324886805,0.000571871091273591,0.00606921254932295,0.00413611349545925,"Akt1/Fadd/Fos/Irak4/Irf7/Jun/Lbp/Map2k1/Map3k8/Mapk1/Mapk13/Nfkbia/Pik3cb/Tab2/Tlr3/Tollip",16
"Human Diseases","Infectious disease: bacterial","mmu05152","Tuberculosis","23/685","180/11153",0.127777777777778,2.08044606650446,3.73823384212321,0.000653602116304725,0.00671984675825796,0.00457951482805613,"Akt1/Atp6v0a1/Atp6v0a2/Atp6v0b/Atp6v0d1/Bad/Bax/Casp9/Cebpb/Eea1/Ep300/Fadd/Ifngr1/Irak4/Lamp1/Lbp/Mapk1/Mapk13/Rab5b/Rab5c/Rab7/Rfxank/Ripk2",23
"Environmental Information Processing","Signal transduction","mmu04370","VEGF signaling pathway","11/685","58/11153",0.189655172413793,3.08791844953436,4.07806068828959,0.000694767717412981,0.00692662360693547,0.00472043138146618,"Akt1/Bad/Casp9/Map2k1/Mapk1/Mapk13/Mapkapk2/Pik3cb/Pxn/Rac3/Vegfa",11
"Human Diseases","Infectious disease: viral","mmu05170","Human immunodeficiency virus 1 infection","28/685","241/11153",0.116182572614108,1.89165581367174,3.5796733403338,0.000842418507283046,0.00815163790870947,0.00555526755576745,"Akt1/Ap1g1/Bad/Bax/Bcl2l1/Bst2/Casp9/Fadd/Fos/Gnai2/Gnb1/Gng12/Gng5/Irak4/Itpr1/Jun/Limk2/Map2k1/Mapk1/Mapk13/Nfatc1/Nfkbia/Pak4/Pik3cb/Pxn/Rac3/Rnf7/Tab2",28
"Genetic Information Processing","Translation","mmu03010","Ribosome","35/685","328/11153",0.106707317073171,1.73738205447748,3.4674111591631,0.000972433101869768,0.0091225414394114,0.00621692953637699,"Mrpl16/Mrpl20/Mrpl22/Mrpl37/Mrpl47/Mrpl49/Mrps11/Mrps18c/Mrps21/Mrps26/Mrps27/Mrps7/Rpl17/Rpl18/Rpl18a/Rpl21/Rpl30/Rpl35/Rpl35a/Rpl36al/Rpl37a/Rpl41/Rpl5/Rpl7/Rplp1/Rplp2/Rps15/Rps18/Rps19/Rps2/Rps25/Rps27l/Rps29/Rps3a1/Rps4x",35
"Human Diseases","Cancer: specific types","mmu05211","Renal cell carcinoma","12/685","70/11153",0.171428571428571,2.791157455683,3.84542130109664,0.0010364114786877,0.0091225414394114,0.00621692953637699,"Akt1/Bad/Egln2/Ep300/Flcn/Jun/Map2k1/Mapk1/Pak4/Pik3cb/Sos2/Vegfa",12
"Organismal Systems","Endocrine system","mmu04926","Relaxin signaling pathway","18/685","131/11153",0.137404580152672,2.23718727363905,3.6436000351639,0.00105807899176746,0.0091225414394114,0.00621692953637699,"Akt1/Fos/Gnai2/Gnb1/Gng12/Gng5/Jun/Map2k1/Mapk1/Mapk13/Nfkbia/Pik3cb/Prkaca/Shc1/Sos2/Tgfbr2/Vegfa/Vegfb",18
"Human Diseases","Infectious disease: viral","mmu05160","Hepatitis C","21/685","164/11153",0.128048780487805,2.08485846537297,3.58018714368096,0.00107375503471524,0.0091225414394114,0.00621692953637699,"Akt1/Bad/Bax/Casp9/Cd81/Cldn4/Fadd/Irf7/Ldlr/Map2k1/Mapk1/Nfkbia/Nr1h3/Pik3cb/Ppp2ca/Rsad2/Socs3/Sos2/Stat3/Tlr3/Ywhaz",21
"Metabolism","Global and overview maps","mmu01240","Biosynthesis of cofactors","20/685","153/11153",0.130718954248366,2.12833357187157,3.59481621586962,0.00108139548977825,0.0091225414394114,0.00621692953637699,"Alas2/Coasy/Cox10/Ctps2/Dhrs3/Dld/Gclm/Hmbs/Lipt1/Mat2a/Mmab/Mocs1/Mthfd1l/Mthfd2/Nadk2/Pank2/Pnpo/Ppcdc/Pts/Uros",20
"Cellular Processes","Cell motility","mmu04810","Regulation of actin cytoskeleton","27/685","234/11153",0.115384615384615,1.87866367209433,3.47479330390667,0.00114861056243515,0.00944732187602913,0.00643826446838651,"Actn1/Akt1/Arhgef1/Arpc1b/Arpc4/Baiap2/Cyfip2/Enah/Fgfr2/Fn1/Git1/Gng12/Itga6/Limk2/Map2k1/Mapk1/Myl12a/Nckap1/Pak4/Pik3cb/Pip5k1b/Pip5k1c/Pxn/Rac3/Rock1/Sos2/Vav2",27
"Human Diseases","Endocrine and metabolic disease","mmu04933","AGE-RAGE signaling pathway in diabetic complications","15/685","101/11153",0.148514851485149,2.41808195418082,3.66211002646797,0.00121959144040476,0.00965205487958614,0.00657778815982034,"Akt1/Bax/Egr1/Fn1/Icam1/Jun/Mapk1/Mapk13/Nfatc1/Pik3cb/Pim1/Stat3/Tgfbr2/Vegfa/Vegfb",15
"Organismal Systems","Immune system","mmu04660","T cell receptor signaling pathway","17/685","122/11153",0.139344262295082,2.2687686969008,3.60449757236504,0.00123217721867057,0.00965205487958614,0.00657778815982034,"Akt1/Cblb/Csf2/Fos/Jun/Map2k1/Map3k8/Mapk1/Mapk13/Nfatc1/Nfkbia/Pak4/Pik3cb/Ppp2ca/Ppp2r3c/Sos2/Vav2",17
"Human Diseases","Cancer: specific types","mmu05224","Breast cancer","19/685","147/11153",0.129251700680272,2.10444411341179,3.44808106063574,0.00163105072256105,0.0124794345981997,0.00850462188263168,"Akt1/Bax/Dvl2/Erbb2/Fos/Fzd5/Fzd8/Gadd45a/Jag2/Jun/Lrp5/Map2k1/Mapk1/Notch2/Pik3cb/Polk/Shc1/Sos2/Tcf7l2",19
"Human Diseases","Cancer: specific types","mmu05222","Small cell lung cancer","14/685","94/11153",0.148936170212766,2.42494176114303,3.54889313146406,0.00170606848679582,0.0127567393671778,0.00869360257625622,"Akt1/Bax/Bcl2l1/Casp9/Fn1/Gadd45a/Itga6/Lamb1/Lamb2/Max/Nfkbia/Pik3cb/Polk/Rxrb",14
"Metabolism","Lipid metabolism","mmu00600","Sphingolipid metabolism","10/685","56/11153",0.178571428571429,2.90745568300313,3.66045848906605,0.00194243943949304,0.014201390568738,0.00967811931256179,"B4galt5/Cers5/Cers6/Degs1/Gal3st1/Samd8/Sgpp2/Smpd1/Sptlc2/Ugcg",10
"Human Diseases","Cancer: specific types","mmu05226","Gastric cancer","19/685","150/11153",0.126666666666667,2.06235523114355,3.3508087660852,0.00206736276358999,0.0147861380265458,0.0100766194197865,"Akt1/Bax/Dvl2/Erbb2/Fgfr2/Fzd5/Fzd8/Gadd45a/Jup/Lrp5/Map2k1/Mapk1/Pik3cb/Polk/Rxrb/Shc1/Sos2/Tcf7l2/Tgfbr2",19
"Human Diseases","Infectious disease: viral","mmu05165","Human papillomavirus infection","36/685","357/11153",0.100840336134454,1.64185732687235,3.15305090492974,0.00224345349303881,0.0157041744512717,0.0107022529455155,"Akt1/Atp6v0a1/Atp6v0a2/Atp6v0b/Atp6v0d1/Atp6v0e/Atp6v1c2/Atp6v1g1/Atp6v1g3/Bad/Bax/Col6a1/Crb3/Dvl2/Ep300/Fadd/Fn1/Fzd5/Fzd8/Itga6/Lamb1/Lamb2/Maml1/Map2k1/Mapk1/Notch2/Pik3cb/Ppp2ca/Ppp2r3c/Prkaca/Pxn/Sos2/Tcf7l2/Thbs1/Tlr3/Vegfa",36
"Cellular Processes","Transport and catabolism","mmu04146","Peroxisome","13/685","87/11153",0.149425287356322,2.43290544508768,3.43219248074062,0.00238959050000179,0.0160443933571549,0.010934109054788,"Cat/Dhrs4/Eci2/Gnpat/Gstk1/Pex11b/Pex16/Pex2/Pmvk/Prdx1/Scp2/Sod2/Xdh",13
"Human Diseases","Immune disease","mmu05323","Rheumatoid arthritis","13/685","87/11153",0.149425287356322,2.43290544508768,3.43219248074062,0.00238959050000179,0.0160443933571549,0.010934109054788,"Atp6v0a1/Atp6v0a2/Atp6v0b/Atp6v0d1/Atp6v0e/Atp6v1c2/Atp6v1g1/Atp6v1g3/Csf2/Fos/Icam1/Jun/Vegfa",13
"Human Diseases","Infectious disease: viral","mmu05171","Coronavirus disease - COVID-19","34/685","334/11153",0.101796407185629,1.65742383845448,3.12043348684262,0.00251976734079572,0.0165800691024358,0.0112991672334629,"Csf2/Fos/Irak4/Jun/Mapk1/Mapk13/Nfkbia/Pik3cb/Rpl17/Rpl18/Rpl18a/Rpl21/Rpl30/Rpl35/Rpl35a/Rpl36al/Rpl37a/Rpl41/Rpl5/Rpl7/Rplp1/Rplp2/Rps15/Rps18/Rps19/Rps2/Rps25/Rps27l/Rps29/Rps3a1/Rps4x/Stat3/Tab2/Tlr3",34
"Cellular Processes","Transport and catabolism","mmu04136","Autophagy - other","7/685","32/11153",0.21875,3.56163321167883,3.7120158605108,0.00278802382133333,0.0179525553043463,0.0122345041747745,"Atg13/Atg4b/Atg7/Gabarapl2/Mlst8/Ppp2ca/Wipi1",7
"Environmental Information Processing","Signal transduction","mmu04014","Ras signaling pathway","26/685","237/11153",0.109704641350211,1.78618374449475,3.12936541507135,0.00286739119372686,0.0179525553043463,0.0122345041747745,"Akt1/Bad/Bcl2l1/Brap/Csf1r/Ets2/Fgfr2/Gnb1/Gng12/Gng5/Map2k1/Mapk1/Pak4/Pik3cb/Prkaca/Rab5b/Rab5c/Rac3/Rala/Ralbp1/Ralgapa2/Rasa1/Shc1/Sos2/Vegfa/Vegfb",26
"Human Diseases","Neurodegenerative disease","mmu05012","Parkinson disease","29/685","274/11153",0.105839416058394,1.72325110554638,3.10069970788816,0.00289205298215913,0.0179525553043463,0.0122345041747745,"Adrm1/Bax/Bcl2l1/Casp9/Dusp1/Gnai2/Itpr1/Klc3/Lrrk2/Maob/Ndufa4/Ndufb11/Ndufb2/Pink1/Prkaca/Psmb3/Psmc3/Psmd1/Slc25a5/Slc39a4/Snca/Ubb/Ubc/Ube2g1/Ube2j1/Ube2j2/Uqcr10/Uqcrb/Uqcrq",29
"Environmental Information Processing","Signal transduction","mmu04068","FoxO signaling pathway","17/685","133/11153",0.12781954887218,2.08112617309698,3.20849386878634,0.00315595541148902,0.0192279505625905,0.0131036745155392,"Akt1/Cat/Cdkn2d/Csnk1e/Ep300/Gabarapl2/Gadd45a/Map2k1/Mapk1/Mapk13/Nlk/Pik3cb/Sgk1/Sod2/Sos2/Stat3/Tgfbr2",17
"Organismal Systems","Immune system","mmu04662","B cell receptor signaling pathway","12/685","80/11153",0.15,2.44226277372263,3.31166613307794,0.00335197357014843,0.0200508964468879,0.0136645046974472,"Akt1/Cd81/Fos/Jun/Map2k1/Mapk1/Nfatc1/Nfkbia/Pik3cb/Rac3/Sos2/Vav2",12
"Cellular Processes","Cellular community - eukaryotes","mmu04530","Tight junction","20/685","169/11153",0.118343195266272,1.92683453548136,3.10566857282917,0.00358049996603402,0.0210354373004498,0.0143354603903242,"Actn1/Arhgef18/Arhgef2/Arpc1b/Arpc4/Cldn4/Crb3/Erbb2/F11r/Igsf5/Jun/Marveld3/Myl12a/Myl6b/Ppp2ca/Prkaca/Rab8b/Rap2c/Rock1/Whamm",20
"Genetic Information Processing","Translation","mmu03015","mRNA surveillance pathway","14/685","104/11153",0.134615384615385,2.19177428411005,3.12348196063163,0.00442640722906321,0.0255489119010841,0.0174113525353733,"Clp1/Cpsf2/Cpsf3/Cpsf6/Cpsf7/Dazap1/Eif4a3/Msi2/Pabpc4/Ppp2ca/Ppp2r3c/Ssu72/Upf3b/Wdr82",14
"Human Diseases","Infectious disease: viral","mmu05164","Influenza A","20/685","174/11153",0.114942528735632,1.87146572699052,2.96369394310686,0.00498723192937616,0.0280426084316457,0.0191107841815407,"Akt1/Bax/Casp9/Ep300/Fadd/Fdps/Icam1/Ifngr1/Irak4/Irf7/Map2k1/Mapk1/Nfkbia/Pik3cb/Pycard/Rsad2/Slc25a5/Socs3/Tlr3/Trim25",20
"Environmental Information Processing","Signal transduction","mmu04012","ErbB signaling pathway","12/685","84/11153",0.142857142857143,2.3259645464025,3.120377735889,0.00502891762148054,0.0280426084316457,0.0191107841815407,"Akt1/Bad/Cbl/Cblb/Erbb2/Jun/Map2k1/Mapk1/Pak4/Pik3cb/Shc1/Sos2",12
"Organismal Systems","Endocrine system","mmu04910","Insulin signaling pathway","17/685","140/11153",0.121428571428571,1.97706986444213,2.97595682365469,0.005357042819224,0.0293744514587449,0.0200184231665739,"Akt1/Bad/Cbl/Cblb/Eif4e/Map2k1/Mapk1/Mknk2/Phkg2/Pik3cb/Ppp1r3e/Prkaca/Ptpn1/Shc1/Socs3/Sos2/Srebf1",17
"Environmental Information Processing","Signal transduction","mmu04668","TNF signaling pathway","15/685","118/11153",0.127118644067797,2.06971421501918,2.9882189192235,0.00565865981398561,0.0305196570295289,0.020798870412061,"Akt1/Cebpb/Csf2/Fadd/Fos/Icam1/Jun/Map2k1/Map3k8/Mapk1/Mapk13/Nfkbia/Pik3cb/Socs3/Tab2",15
"Metabolism","Lipid metabolism","mmu00100","Steroid biosynthesis","5/685","20/11153",0.25,4.07043795620438,3.51559654128141,0.00616391320387656,0.0322538888288762,0.0219807337083687,"Hsd17b7/Lbr/Lss/Nsdhl/Soat1",5
"Human Diseases","Infectious disease: viral","mmu05162","Measles","17/685","142/11153",0.119718309859155,1.94922381001336,2.91198560245556,0.00617627658425289,0.0322538888288762,0.0219807337083687,"Akt1/Bad/Bax/Bbc3/Bcl2l1/Casp9/Cblb/Fadd/Fos/Hspa8/Irak4/Irf7/Jun/Nfkbia/Pik3cb/Stat3/Tab2",17
"Human Diseases","Cancer: specific types","mmu05216","Thyroid cancer","7/685","37/11153",0.189189189189189,3.08033142631683,3.24226816332625,0.00653393243407495,0.0335884964189165,0.0228902567180586,"Bax/Gadd45a/Map2k1/Mapk1/Polk/Rxrb/Tcf7l2",7
"Human Diseases","Cancer: overview","mmu05231","Choline metabolism in cancer","13/685","98/11153",0.13265306122449,2.15982422165947,2.94995674366423,0.00677091395718691,0.0342712414140691,0.0233555412612277,"Akt1/Chkb/Fos/Jun/Map2k1/Mapk1/Pik3cb/Pip5k1b/Pip5k1c/Rac3/Slc44a1/Slc44a3/Sos2",13
"Human Diseases","Cancer: overview","mmu05205","Proteoglycans in cancer","22/685","204/11153",0.107843137254902,1.75587519679405,2.78719760183683,0.00709909059763003,0.0353878910093982,0.024116527867547,"Akt1/Arhgef1/Cbl/Erbb2/Fn1/Fzd5/Fzd8/Hspg2/Itpr1/Map2k1/Mapk1/Mapk13/Pik3cb/Prkaca/Pxn/Rock1/Sdc1/Sos2/Stat3/Thbs1/Vav2/Vegfa",22
"Organismal Systems","Excretory system","mmu04960","Aldosterone-regulated sodium reabsorption","7/685","38/11153",0.184210526315789,2.9992700729927,3.15789975112674,0.00759524999560961,0.0372960783366502,0.0254169402838153,"Atp1a1/Atp1b1/Mapk1/Pik3cb/Scnn1a/Scnn1b/Sgk1",7
"Human Diseases","Cardiovascular disease","mmu05418","Fluid shear stress and atherosclerosis","17/685","149/11153",0.114093959731544,1.85764953705972,2.69598523890824,0.00987694115442605,0.0477869652912672,0.0325663849209404,"Acvr1/Acvr2b/Akt1/Arhgef2/Dusp1/Fos/Icam1/Il1r1/Jun/Mapk13/Mgst1/Pik3cb/Rac3/Sdc1/Sqstm1/Sumo3/Vegfa",17
"Human Diseases","Infectious disease: parasitic","mmu05142","Chagas disease","13/685","103/11153",0.12621359223301,2.05497838565658,2.75150840892507,0.0102000972107597,0.0484695760536848,0.0330315779857138,"Akt1/Fadd/Fos/Gnai2/Ifngr1/Irak4/Jun/Mapk1/Mapk13/Nfkbia/Pik3cb/Ppp2ca/Tgfbr2",13
"Human Diseases","Drug resistance: antineoplastic","mmu01524","Platinum drug resistance","11/685","81/11153",0.135802469135802,2.21110209966658,2.79833714349417,0.0103126757561031,0.0484695760536848,0.0330315779857138,"Akt1/Bad/Bax/Bbc3/Bcl2l1/Casp9/Erbb2/Fadd/Mapk1/Mgst1/Pik3cb",11
"Environmental Information Processing","Signal transduction","mmu04024","cAMP signaling pathway","23/685","224/11153",0.102678571428571,1.6717870177268,2.59809610711323,0.010631289888006,0.0492633010303378,0.033572494383177,"Akt1/Atp1a1/Atp1b1/Bad/Ep300/Fos/Gnai2/Jun/Kcnk2/Map2k1/Mapk1/Nfatc1/Nfkbia/Npr1/Orai1/Pde4a/Pik3cb/Prkaca/Rac3/Rapgef3/Rock1/Tshb/Vav2",23
